timestamp,gsr,session_id,label
0.0,0.2211,1,calm
0.1,0.2247,1,calm
0.2,0.2777,1,calm
0.3,0.2554,1,calm
0.4,0.2307,1,calm
0.5,0.2444,1,calm
0.6,0.2785,1,calm
0.7,0.2144,1,calm
0.8,0.2535,1,calm
0.9,0.2827,1,calm
1.0,0.2512,1,calm
1.1,0.2528,1,calm
1.2,0.2643,1,calm
1.3,0.2309,1,calm
1.4,0.2591,1,calm
1.5,0.2527,1,calm
1.6,0.2668,1,calm
1.7,0.2136,1,calm
1.8,0.2743,1,calm
1.9,0.2678,1,calm
0.0,0.2551,2,calm
0.1,0.2792,2,calm
0.2,0.2606,2,calm
0.3,0.2471,2,calm
0.4,0.2408,2,calm
0.5,0.2033,2,calm
0.6,0.208,2,calm
0.7,0.2706,2,calm
0.8,0.2644,2,calm
0.9,0.2138,2,calm
1.0,0.2339,2,calm
1.1,0.2722,2,calm
1.2,0.3071,2,calm
1.3,0.2783,2,calm
1.4,0.2156,2,calm
1.5,0.2865,2,calm
1.6,0.2416,2,calm
1.7,0.219,2,calm
1.8,0.2235,2,calm
1.9,0.2312,2,calm
0.0,0.247,3,calm
0.1,0.2603,3,calm
0.2,0.2597,3,calm
0.3,0.238,3,calm
0.4,0.2922,3,calm
0.5,0.2348,3,calm
0.6,0.2638,3,calm
0.7,0.2327,3,calm
0.8,0.2452,3,calm
0.9,0.2444,3,calm
1.0,0.2027,3,calm
1.1,0.2344,3,calm
1.2,0.2693,3,calm
1.3,0.2518,3,calm
1.4,0.2574,3,calm
1.5,0.276,3,calm
1.6,0.2549,3,calm
1.7,0.2607,3,calm
1.8,0.2446,3,calm
1.9,0.2773,3,calm
0.0,0.2396,4,calm
0.1,0.2488,4,calm
0.2,0.2087,4,calm
0.3,0.2899,4,calm
0.4,0.2796,4,calm
0.5,0.2076,4,calm
0.6,0.2376,4,calm
0.7,0.2609,4,calm
0.8,0.2068,4,calm
0.9,0.256,4,calm
1.0,0.2933,4,calm
1.1,0.2841,4,calm
1.2,0.2778,4,calm
1.3,0.2295,4,calm
1.4,0.2378,4,calm
1.5,0.2317,4,calm
1.6,0.2428,4,calm
1.7,0.2435,4,calm
1.8,0.2577,4,calm
1.9,0.2299,4,calm
0.0,0.2738,5,calm
0.1,0.2232,5,calm
0.2,0.2487,5,calm
0.3,0.2271,5,calm
0.4,0.2761,5,calm
0.5,0.2666,5,calm
0.6,0.2456,5,calm
0.7,0.2421,5,calm
0.8,0.2669,5,calm
0.9,0.2426,5,calm
1.0,0.227,5,calm
1.1,0.2308,5,calm
1.2,0.2454,5,calm
1.3,0.2344,5,calm
1.4,0.2488,5,calm
1.5,0.2247,5,calm
1.6,0.2277,5,calm
1.7,0.242,5,calm
1.8,0.303,5,calm
1.9,0.2609,5,calm
0.0,0.2023,6,calm
0.1,0.2569,6,calm
0.2,0.2446,6,calm
0.3,0.2735,6,calm
0.4,0.2802,6,calm
0.5,0.2498,6,calm
0.6,0.2219,6,calm
0.7,0.2675,6,calm
0.8,0.2488,6,calm
0.9,0.2233,6,calm
1.0,0.3026,6,calm
1.1,0.247,6,calm
1.2,0.2277,6,calm
1.3,0.235,6,calm
1.4,0.2663,6,calm
1.5,0.2533,6,calm
1.6,0.2874,6,calm
1.7,0.2532,6,calm
1.8,0.2842,6,calm
1.9,0.257,6,calm
0.0,0.2938,7,calm
0.1,0.2262,7,calm
0.2,0.25,7,calm
0.3,0.3122,7,calm
0.4,0.2325,7,calm
0.5,0.2972,7,calm
0.6,0.2438,7,calm
0.7,0.253,7,calm
0.8,0.2705,7,calm
0.9,0.2526,7,calm
1.0,0.2514,7,calm
1.1,0.2445,7,calm
1.2,0.2841,7,calm
1.3,0.2745,7,calm
1.4,0.2558,7,calm
1.5,0.2582,7,calm
1.6,0.2405,7,calm
1.7,0.2314,7,calm
1.8,0.2503,7,calm
1.9,0.2431,7,calm
0.0,0.2522,8,calm
0.1,0.2309,8,calm
0.2,0.2303,8,calm
0.3,0.2424,8,calm
0.4,0.2696,8,calm
0.5,0.2613,8,calm
0.6,0.2555,8,calm
0.7,0.2766,8,calm
0.8,0.2567,8,calm
0.9,0.257,8,calm
1.0,0.254,8,calm
1.1,0.2491,8,calm
1.2,0.28,8,calm
1.3,0.2614,8,calm
1.4,0.1931,8,calm
1.5,0.2664,8,calm
1.6,0.2327,8,calm
1.7,0.2719,8,calm
1.8,0.2681,8,calm
1.9,0.2558,8,calm
0.0,0.2702,9,calm
0.1,0.2559,9,calm
0.2,0.2646,9,calm
0.3,0.2269,9,calm
0.4,0.2762,9,calm
0.5,0.2143,9,calm
0.6,0.2427,9,calm
0.7,0.2676,9,calm
0.8,0.2598,9,calm
0.9,0.2667,9,calm
1.0,0.2667,9,calm
1.1,0.2222,9,calm
1.2,0.2165,9,calm
1.3,0.2572,9,calm
1.4,0.2344,9,calm
1.5,0.2422,9,calm
1.6,0.2684,9,calm
1.7,0.2672,9,calm
1.8,0.2485,9,calm
1.9,0.2588,9,calm
0.0,0.2757,10,calm
0.1,0.2337,10,calm
0.2,0.2522,10,calm
0.3,0.2323,10,calm
0.4,0.2408,10,calm
0.5,0.276,10,calm
0.6,0.2358,10,calm
0.7,0.2753,10,calm
0.8,0.2714,10,calm
0.9,0.2906,10,calm
1.0,0.2195,10,calm
1.1,0.2423,10,calm
1.2,0.2767,10,calm
1.3,0.2604,10,calm
1.4,0.2267,10,calm
1.5,0.2819,10,calm
1.6,0.2873,10,calm
1.7,0.2359,10,calm
1.8,0.2584,10,calm
1.9,0.3181,10,calm
0.0,0.2691,11,calm
0.1,0.2115,11,calm
0.2,0.2198,11,calm
0.3,0.2298,11,calm
0.4,0.2647,11,calm
0.5,0.2388,11,calm
0.6,0.2489,11,calm
0.7,0.2369,11,calm
0.8,0.2384,11,calm
0.9,0.2423,11,calm
1.0,0.2459,11,calm
1.1,0.2439,11,calm
1.2,0.2597,11,calm
1.3,0.2975,11,calm
1.4,0.2766,11,calm
1.5,0.232,11,calm
1.6,0.3215,11,calm
1.7,0.2244,11,calm
1.8,0.2495,11,calm
1.9,0.2241,11,calm
0.0,0.2452,12,calm
0.1,0.2415,12,calm
0.2,0.2012,12,calm
0.3,0.3039,12,calm
0.4,0.1877,12,calm
0.5,0.28,12,calm
0.6,0.2075,12,calm
0.7,0.2091,12,calm
0.8,0.2325,12,calm
0.9,0.2514,12,calm
1.0,0.2396,12,calm
1.1,0.2642,12,calm
1.2,0.236,12,calm
1.3,0.2425,12,calm
1.4,0.2468,12,calm
1.5,0.2613,12,calm
1.6,0.2697,12,calm
1.7,0.296,12,calm
1.8,0.2378,12,calm
1.9,0.2611,12,calm
0.0,0.2496,13,calm
0.1,0.2414,13,calm
0.2,0.2466,13,calm
0.3,0.2591,13,calm
0.4,0.2687,13,calm
0.5,0.2799,13,calm
0.6,0.2387,13,calm
0.7,0.2517,13,calm
0.8,0.2883,13,calm
0.9,0.2615,13,calm
1.0,0.288,13,calm
1.1,0.2442,13,calm
1.2,0.2327,13,calm
1.3,0.2291,13,calm
1.4,0.2678,13,calm
1.5,0.2713,13,calm
1.6,0.2345,13,calm
1.7,0.196,13,calm
1.8,0.2422,13,calm
1.9,0.215,13,calm
0.0,0.2398,14,calm
0.1,0.236,14,calm
0.2,0.2505,14,calm
0.3,0.2709,14,calm
0.4,0.2459,14,calm
0.5,0.224,14,calm
0.6,0.2917,14,calm
0.7,0.2376,14,calm
0.8,0.2695,14,calm
0.9,0.2653,14,calm
1.0,0.2607,14,calm
1.1,0.2428,14,calm
1.2,0.2786,14,calm
1.3,0.2707,14,calm
1.4,0.2727,14,calm
1.5,0.2481,14,calm
1.6,0.2211,14,calm
1.7,0.2546,14,calm
1.8,0.2621,14,calm
1.9,0.2908,14,calm
0.0,0.2374,15,calm
0.1,0.2268,15,calm
0.2,0.297,15,calm
0.3,0.2869,15,calm
0.4,0.2723,15,calm
0.5,0.2472,15,calm
0.6,0.2335,15,calm
0.7,0.2752,15,calm
0.8,0.2665,15,calm
0.9,0.272,15,calm
1.0,0.2581,15,calm
1.1,0.2367,15,calm
1.2,0.248,15,calm
1.3,0.2569,15,calm
1.4,0.2159,15,calm
1.5,0.2586,15,calm
1.6,0.2449,15,calm
1.7,0.2557,15,calm
1.8,0.2158,15,calm
1.9,0.2776,15,calm
0.0,0.2411,16,calm
0.1,0.2826,16,calm
0.2,0.2768,16,calm
0.3,0.2824,16,calm
0.4,0.1965,16,calm
0.5,0.2424,16,calm
0.6,0.1852,16,calm
0.7,0.2361,16,calm
0.8,0.211,16,calm
0.9,0.236,16,calm
1.0,0.2613,16,calm
1.1,0.2263,16,calm
1.2,0.2606,16,calm
1.3,0.2505,16,calm
1.4,0.2444,16,calm
1.5,0.2559,16,calm
1.6,0.2625,16,calm
1.7,0.2443,16,calm
1.8,0.2257,16,calm
1.9,0.2128,16,calm
0.0,0.2168,17,calm
0.1,0.3059,17,calm
0.2,0.2402,17,calm
0.3,0.2785,17,calm
0.4,0.2047,17,calm
0.5,0.2959,17,calm
0.6,0.2725,17,calm
0.7,0.2631,17,calm
0.8,0.2821,17,calm
0.9,0.2299,17,calm
1.0,0.2467,17,calm
1.1,0.2433,17,calm
1.2,0.2486,17,calm
1.3,0.2377,17,calm
1.4,0.231,17,calm
1.5,0.2333,17,calm
1.6,0.2974,17,calm
1.7,0.2916,17,calm
1.8,0.2099,17,calm
1.9,0.291,17,calm
0.0,0.237,18,calm
0.1,0.2278,18,calm
0.2,0.2478,18,calm
0.3,0.2895,18,calm
0.4,0.2383,18,calm
0.5,0.2601,18,calm
0.6,0.2489,18,calm
0.7,0.2633,18,calm
0.8,0.2125,18,calm
0.9,0.2646,18,calm
1.0,0.2716,18,calm
1.1,0.2114,18,calm
1.2,0.2385,18,calm
1.3,0.249,18,calm
1.4,0.2349,18,calm
1.5,0.2608,18,calm
1.6,0.2598,18,calm
1.7,0.2456,18,calm
1.8,0.2435,18,calm
1.9,0.239,18,calm
0.0,0.2423,19,calm
0.1,0.2548,19,calm
0.2,0.2365,19,calm
0.3,0.2709,19,calm
0.4,0.2536,19,calm
0.5,0.2498,19,calm
0.6,0.2579,19,calm
0.7,0.2684,19,calm
0.8,0.2521,19,calm
0.9,0.1972,19,calm
1.0,0.229,19,calm
1.1,0.2472,19,calm
1.2,0.2572,19,calm
1.3,0.242,19,calm
1.4,0.2737,19,calm
1.5,0.2351,19,calm
1.6,0.223,19,calm
1.7,0.2559,19,calm
1.8,0.2508,19,calm
1.9,0.2406,19,calm
0.0,0.2481,20,calm
0.1,0.2782,20,calm
0.2,0.2565,20,calm
0.3,0.2533,20,calm
0.4,0.2301,20,calm
0.5,0.2808,20,calm
0.6,0.2757,20,calm
0.7,0.2478,20,calm
0.8,0.2515,20,calm
0.9,0.2524,20,calm
1.0,0.2391,20,calm
1.1,0.2382,20,calm
1.2,0.2626,20,calm
1.3,0.2697,20,calm
1.4,0.2482,20,calm
1.5,0.2595,20,calm
1.6,0.2848,20,calm
1.7,0.2662,20,calm
1.8,0.2427,20,calm
1.9,0.2309,20,calm
0.0,0.2611,21,calm
0.1,0.2493,21,calm
0.2,0.2735,21,calm
0.3,0.2227,21,calm
0.4,0.2133,21,calm
0.5,0.2399,21,calm
0.6,0.2527,21,calm
0.7,0.2327,21,calm
0.8,0.2446,21,calm
0.9,0.2686,21,calm
1.0,0.2384,21,calm
1.1,0.2211,21,calm
1.2,0.2221,21,calm
1.3,0.2716,21,calm
1.4,0.2633,21,calm
1.5,0.2535,21,calm
1.6,0.2424,21,calm
1.7,0.234,21,calm
1.8,0.2389,21,calm
1.9,0.2496,21,calm
0.0,0.2291,22,calm
0.1,0.2898,22,calm
0.2,0.2426,22,calm
0.3,0.243,22,calm
0.4,0.2176,22,calm
0.5,0.2223,22,calm
0.6,0.259,22,calm
0.7,0.2387,22,calm
0.8,0.2446,22,calm
0.9,0.2696,22,calm
1.0,0.2607,22,calm
1.1,0.2524,22,calm
1.2,0.2471,22,calm
1.3,0.2792,22,calm
1.4,0.2754,22,calm
1.5,0.25,22,calm
1.6,0.2199,22,calm
1.7,0.2794,22,calm
1.8,0.2312,22,calm
1.9,0.2276,22,calm
0.0,0.2612,23,calm
0.1,0.2471,23,calm
0.2,0.2094,23,calm
0.3,0.2581,23,calm
0.4,0.2475,23,calm
0.5,0.2418,23,calm
0.6,0.2393,23,calm
0.7,0.223,23,calm
0.8,0.258,23,calm
0.9,0.2248,23,calm
1.0,0.2648,23,calm
1.1,0.2492,23,calm
1.2,0.2285,23,calm
1.3,0.2449,23,calm
1.4,0.2243,23,calm
1.5,0.2519,23,calm
1.6,0.2529,23,calm
1.7,0.2243,23,calm
1.8,0.2495,23,calm
1.9,0.2321,23,calm
0.0,0.262,24,calm
0.1,0.2579,24,calm
0.2,0.2271,24,calm
0.3,0.2922,24,calm
0.4,0.2942,24,calm
0.5,0.2909,24,calm
0.6,0.2772,24,calm
0.7,0.2345,24,calm
0.8,0.2308,24,calm
0.9,0.2168,24,calm
1.0,0.2302,24,calm
1.1,0.1959,24,calm
1.2,0.3123,24,calm
1.3,0.2744,24,calm
1.4,0.246,24,calm
1.5,0.2901,24,calm
1.6,0.2496,24,calm
1.7,0.2329,24,calm
1.8,0.2342,24,calm
1.9,0.2708,24,calm
0.0,0.2484,25,calm
0.1,0.2804,25,calm
0.2,0.2584,25,calm
0.3,0.2817,25,calm
0.4,0.2688,25,calm
0.5,0.1653,25,calm
0.6,0.2588,25,calm
0.7,0.2529,25,calm
0.8,0.2455,25,calm
0.9,0.2114,25,calm
1.0,0.2324,25,calm
1.1,0.246,25,calm
1.2,0.2767,25,calm
1.3,0.2556,25,calm
1.4,0.262,25,calm
1.5,0.2819,25,calm
1.6,0.2156,25,calm
1.7,0.236,25,calm
1.8,0.2463,25,calm
1.9,0.2291,25,calm
0.0,0.2431,26,calm
0.1,0.2579,26,calm
0.2,0.2294,26,calm
0.3,0.2682,26,calm
0.4,0.2563,26,calm
0.5,0.2867,26,calm
0.6,0.2248,26,calm
0.7,0.2789,26,calm
0.8,0.2766,26,calm
0.9,0.1967,26,calm
1.0,0.2862,26,calm
1.1,0.2718,26,calm
1.2,0.253,26,calm
1.3,0.2326,26,calm
1.4,0.3118,26,calm
1.5,0.2799,26,calm
1.6,0.2629,26,calm
1.7,0.2499,26,calm
1.8,0.2093,26,calm
1.9,0.2058,26,calm
0.0,0.2594,27,calm
0.1,0.2373,27,calm
0.2,0.2176,27,calm
0.3,0.2223,27,calm
0.4,0.2703,27,calm
0.5,0.2783,27,calm
0.6,0.2388,27,calm
0.7,0.2778,27,calm
0.8,0.2083,27,calm
0.9,0.2559,27,calm
1.0,0.2217,27,calm
1.1,0.2871,27,calm
1.2,0.2842,27,calm
1.3,0.2285,27,calm
1.4,0.1879,27,calm
1.5,0.2302,27,calm
1.6,0.2595,27,calm
1.7,0.2462,27,calm
1.8,0.2597,27,calm
1.9,0.2362,27,calm
0.0,0.2381,28,calm
0.1,0.2085,28,calm
0.2,0.2117,28,calm
0.3,0.2712,28,calm
0.4,0.2588,28,calm
0.5,0.2034,28,calm
0.6,0.2559,28,calm
0.7,0.2192,28,calm
0.8,0.244,28,calm
0.9,0.2075,28,calm
1.0,0.2671,28,calm
1.1,0.2718,28,calm
1.2,0.233,28,calm
1.3,0.275,28,calm
1.4,0.2468,28,calm
1.5,0.2363,28,calm
1.6,0.2575,28,calm
1.7,0.2432,28,calm
1.8,0.2538,28,calm
1.9,0.2586,28,calm
0.0,0.2961,29,calm
0.1,0.2585,29,calm
0.2,0.2794,29,calm
0.3,0.2288,29,calm
0.4,0.2478,29,calm
0.5,0.2191,29,calm
0.6,0.2391,29,calm
0.7,0.2739,29,calm
0.8,0.2401,29,calm
0.9,0.2201,29,calm
1.0,0.2549,29,calm
1.1,0.2528,29,calm
1.2,0.2649,29,calm
1.3,0.2636,29,calm
1.4,0.2468,29,calm
1.5,0.2841,29,calm
1.6,0.2707,29,calm
1.7,0.2624,29,calm
1.8,0.2616,29,calm
1.9,0.2672,29,calm
0.0,0.2619,30,calm
0.1,0.2154,30,calm
0.2,0.2493,30,calm
0.3,0.2314,30,calm
0.4,0.2735,30,calm
0.5,0.2713,30,calm
0.6,0.2463,30,calm
0.7,0.2325,30,calm
0.8,0.265,30,calm
0.9,0.2672,30,calm
1.0,0.2232,30,calm
1.1,0.2743,30,calm
1.2,0.218,30,calm
1.3,0.2609,30,calm
1.4,0.1922,30,calm
1.5,0.2578,30,calm
1.6,0.2493,30,calm
1.7,0.2558,30,calm
1.8,0.2519,30,calm
1.9,0.2783,30,calm
0.0,0.2338,31,calm
0.1,0.2763,31,calm
0.2,0.2599,31,calm
0.3,0.2342,31,calm
0.4,0.2589,31,calm
0.5,0.2428,31,calm
0.6,0.2816,31,calm
0.7,0.2562,31,calm
0.8,0.261,31,calm
0.9,0.2619,31,calm
1.0,0.2617,31,calm
1.1,0.242,31,calm
1.2,0.2307,31,calm
1.3,0.2642,31,calm
1.4,0.2577,31,calm
1.5,0.2898,31,calm
1.6,0.2188,31,calm
1.7,0.223,31,calm
1.8,0.2767,31,calm
1.9,0.2285,31,calm
0.0,0.2468,32,calm
0.1,0.2377,32,calm
0.2,0.2646,32,calm
0.3,0.2881,32,calm
0.4,0.2285,32,calm
0.5,0.3308,32,calm
0.6,0.2572,32,calm
0.7,0.2781,32,calm
0.8,0.2329,32,calm
0.9,0.2148,32,calm
1.0,0.2451,32,calm
1.1,0.2722,32,calm
1.2,0.2622,32,calm
1.3,0.2383,32,calm
1.4,0.289,32,calm
1.5,0.2229,32,calm
1.6,0.2336,32,calm
1.7,0.2299,32,calm
1.8,0.2389,32,calm
1.9,0.2496,32,calm
0.0,0.2952,33,calm
0.1,0.2703,33,calm
0.2,0.2553,33,calm
0.3,0.2657,33,calm
0.4,0.2579,33,calm
0.5,0.2679,33,calm
0.6,0.2134,33,calm
0.7,0.2504,33,calm
0.8,0.234,33,calm
0.9,0.2455,33,calm
1.0,0.2544,33,calm
1.1,0.224,33,calm
1.2,0.259,33,calm
1.3,0.2464,33,calm
1.4,0.236,33,calm
1.5,0.2041,33,calm
1.6,0.2822,33,calm
1.7,0.2737,33,calm
1.8,0.1974,33,calm
1.9,0.2302,33,calm
0.0,0.2735,34,calm
0.1,0.2571,34,calm
0.2,0.2416,34,calm
0.3,0.2717,34,calm
0.4,0.2675,34,calm
0.5,0.2264,34,calm
0.6,0.2759,34,calm
0.7,0.2561,34,calm
0.8,0.2257,34,calm
0.9,0.2393,34,calm
1.0,0.2374,34,calm
1.1,0.2638,34,calm
1.2,0.2195,34,calm
1.3,0.2245,34,calm
1.4,0.2485,34,calm
1.5,0.2614,34,calm
1.6,0.2134,34,calm
1.7,0.2306,34,calm
1.8,0.2384,34,calm
1.9,0.249,34,calm
0.0,0.2319,35,calm
0.1,0.2213,35,calm
0.2,0.2596,35,calm
0.3,0.2609,35,calm
0.4,0.2392,35,calm
0.5,0.2526,35,calm
0.6,0.2383,35,calm
0.7,0.2663,35,calm
0.8,0.2254,35,calm
0.9,0.2519,35,calm
1.0,0.2796,35,calm
1.1,0.2906,35,calm
1.2,0.2577,35,calm
1.3,0.2354,35,calm
1.4,0.2731,35,calm
1.5,0.2489,35,calm
1.6,0.22,35,calm
1.7,0.2822,35,calm
1.8,0.2093,35,calm
1.9,0.233,35,calm
0.0,0.2643,36,calm
0.1,0.2804,36,calm
0.2,0.2697,36,calm
0.3,0.2581,36,calm
0.4,0.2504,36,calm
0.5,0.2332,36,calm
0.6,0.2495,36,calm
0.7,0.2333,36,calm
0.8,0.262,36,calm
0.9,0.2122,36,calm
1.0,0.2588,36,calm
1.1,0.2615,36,calm
1.2,0.2043,36,calm
1.3,0.2261,36,calm
1.4,0.2205,36,calm
1.5,0.2371,36,calm
1.6,0.2325,36,calm
1.7,0.2476,36,calm
1.8,0.2464,36,calm
1.9,0.2502,36,calm
0.0,0.2229,37,calm
0.1,0.2356,37,calm
0.2,0.2404,37,calm
0.3,0.2576,37,calm
0.4,0.2565,37,calm
0.5,0.2154,37,calm
0.6,0.223,37,calm
0.7,0.2609,37,calm
0.8,0.258,37,calm
0.9,0.2775,37,calm
1.0,0.221,37,calm
1.1,0.2557,37,calm
1.2,0.2389,37,calm
1.3,0.2563,37,calm
1.4,0.2109,37,calm
1.5,0.262,37,calm
1.6,0.2822,37,calm
1.7,0.2441,37,calm
1.8,0.2771,37,calm
1.9,0.2299,37,calm
0.0,0.2874,38,calm
0.1,0.2605,38,calm
0.2,0.2391,38,calm
0.3,0.2647,38,calm
0.4,0.2522,38,calm
0.5,0.2284,38,calm
0.6,0.1846,38,calm
0.7,0.2355,38,calm
0.8,0.2525,38,calm
0.9,0.232,38,calm
1.0,0.2524,38,calm
1.1,0.2339,38,calm
1.2,0.2745,38,calm
1.3,0.2584,38,calm
1.4,0.2768,38,calm
1.5,0.2605,38,calm
1.6,0.2372,38,calm
1.7,0.2685,38,calm
1.8,0.2475,38,calm
1.9,0.2906,38,calm
0.0,0.2265,39,calm
0.1,0.313,39,calm
0.2,0.2487,39,calm
0.3,0.2657,39,calm
0.4,0.2547,39,calm
0.5,0.2255,39,calm
0.6,0.2163,39,calm
0.7,0.2256,39,calm
0.8,0.2111,39,calm
0.9,0.2123,39,calm
1.0,0.212,39,calm
1.1,0.2909,39,calm
1.2,0.2621,39,calm
1.3,0.2441,39,calm
1.4,0.1868,39,calm
1.5,0.2549,39,calm
1.6,0.2243,39,calm
1.7,0.232,39,calm
1.8,0.2901,39,calm
1.9,0.2443,39,calm
0.0,0.2256,40,calm
0.1,0.2612,40,calm
0.2,0.2581,40,calm
0.3,0.2378,40,calm
0.4,0.2627,40,calm
0.5,0.2386,40,calm
0.6,0.2472,40,calm
0.7,0.2506,40,calm
0.8,0.215,40,calm
0.9,0.2555,40,calm
1.0,0.2941,40,calm
1.1,0.2154,40,calm
1.2,0.2306,40,calm
1.3,0.2281,40,calm
1.4,0.2221,40,calm
1.5,0.2477,40,calm
1.6,0.2508,40,calm
1.7,0.2818,40,calm
1.8,0.2551,40,calm
1.9,0.2502,40,calm
0.0,0.2293,41,calm
0.1,0.2654,41,calm
0.2,0.2171,41,calm
0.3,0.2663,41,calm
0.4,0.2658,41,calm
0.5,0.2554,41,calm
0.6,0.276,41,calm
0.7,0.2675,41,calm
0.8,0.2616,41,calm
0.9,0.225,41,calm
1.0,0.2592,41,calm
1.1,0.2289,41,calm
1.2,0.2802,41,calm
1.3,0.243,41,calm
1.4,0.2582,41,calm
1.5,0.2209,41,calm
1.6,0.2887,41,calm
1.7,0.2399,41,calm
1.8,0.275,41,calm
1.9,0.1959,41,calm
0.0,0.234,42,calm
0.1,0.2452,42,calm
0.2,0.2488,42,calm
0.3,0.2589,42,calm
0.4,0.2442,42,calm
0.5,0.2622,42,calm
0.6,0.2712,42,calm
0.7,0.2144,42,calm
0.8,0.2732,42,calm
0.9,0.2382,42,calm
1.0,0.2831,42,calm
1.1,0.2977,42,calm
1.2,0.254,42,calm
1.3,0.2367,42,calm
1.4,0.2619,42,calm
1.5,0.2325,42,calm
1.6,0.273,42,calm
1.7,0.268,42,calm
1.8,0.287,42,calm
1.9,0.2666,42,calm
0.0,0.2325,43,calm
0.1,0.2573,43,calm
0.2,0.2365,43,calm
0.3,0.2696,43,calm
0.4,0.2527,43,calm
0.5,0.284,43,calm
0.6,0.2514,43,calm
0.7,0.2794,43,calm
0.8,0.2217,43,calm
0.9,0.233,43,calm
1.0,0.2731,43,calm
1.1,0.252,43,calm
1.2,0.2299,43,calm
1.3,0.2686,43,calm
1.4,0.2228,43,calm
1.5,0.2284,43,calm
1.6,0.273,43,calm
1.7,0.2379,43,calm
1.8,0.2551,43,calm
1.9,0.2493,43,calm
0.0,0.2493,44,calm
0.1,0.2347,44,calm
0.2,0.2441,44,calm
0.3,0.2509,44,calm
0.4,0.2376,44,calm
0.5,0.2273,44,calm
0.6,0.2403,44,calm
0.7,0.2363,44,calm
0.8,0.2619,44,calm
0.9,0.2547,44,calm
1.0,0.2399,44,calm
1.1,0.2665,44,calm
1.2,0.2529,44,calm
1.3,0.2895,44,calm
1.4,0.2374,44,calm
1.5,0.2424,44,calm
1.6,0.2751,44,calm
1.7,0.2555,44,calm
1.8,0.3106,44,calm
1.9,0.2538,44,calm
0.0,0.277,45,calm
0.1,0.2412,45,calm
0.2,0.2432,45,calm
0.3,0.2601,45,calm
0.4,0.2561,45,calm
0.5,0.2465,45,calm
0.6,0.2341,45,calm
0.7,0.287,45,calm
0.8,0.2458,45,calm
0.9,0.2824,45,calm
1.0,0.2517,45,calm
1.1,0.2376,45,calm
1.2,0.2951,45,calm
1.3,0.2413,45,calm
1.4,0.2983,45,calm
1.5,0.2983,45,calm
1.6,0.2638,45,calm
1.7,0.2563,45,calm
1.8,0.2527,45,calm
1.9,0.2358,45,calm
0.0,0.223,46,calm
0.1,0.285,46,calm
0.2,0.2919,46,calm
0.3,0.2264,46,calm
0.4,0.2892,46,calm
0.5,0.2354,46,calm
0.6,0.2222,46,calm
0.7,0.2275,46,calm
0.8,0.2626,46,calm
0.9,0.2582,46,calm
1.0,0.2095,46,calm
1.1,0.2445,46,calm
1.2,0.2654,46,calm
1.3,0.2369,46,calm
1.4,0.2319,46,calm
1.5,0.2845,46,calm
1.6,0.2766,46,calm
1.7,0.2436,46,calm
1.8,0.2602,46,calm
1.9,0.205,46,calm
0.0,0.2494,47,calm
0.1,0.2345,47,calm
0.2,0.2779,47,calm
0.3,0.2675,47,calm
0.4,0.2282,47,calm
0.5,0.262,47,calm
0.6,0.2824,47,calm
0.7,0.2736,47,calm
0.8,0.2043,47,calm
0.9,0.2483,47,calm
1.0,0.235,47,calm
1.1,0.2719,47,calm
1.2,0.2879,47,calm
1.3,0.2735,47,calm
1.4,0.2486,47,calm
1.5,0.2376,47,calm
1.6,0.2495,47,calm
1.7,0.238,47,calm
1.8,0.2416,47,calm
1.9,0.2612,47,calm
0.0,0.305,48,calm
0.1,0.2238,48,calm
0.2,0.2154,48,calm
0.3,0.2259,48,calm
0.4,0.261,48,calm
0.5,0.2432,48,calm
0.6,0.2601,48,calm
0.7,0.2519,48,calm
0.8,0.2729,48,calm
0.9,0.2742,48,calm
1.0,0.2349,48,calm
1.1,0.2736,48,calm
1.2,0.2617,48,calm
1.3,0.2443,48,calm
1.4,0.2167,48,calm
1.5,0.2501,48,calm
1.6,0.2395,48,calm
1.7,0.2301,48,calm
1.8,0.2814,48,calm
1.9,0.2371,48,calm
0.0,0.2612,49,calm
0.1,0.2736,49,calm
0.2,0.2374,49,calm
0.3,0.2984,49,calm
0.4,0.247,49,calm
0.5,0.2521,49,calm
0.6,0.2576,49,calm
0.7,0.2569,49,calm
0.8,0.2389,49,calm
0.9,0.2578,49,calm
1.0,0.2585,49,calm
1.1,0.2549,49,calm
1.2,0.2637,49,calm
1.3,0.2902,49,calm
1.4,0.2746,49,calm
1.5,0.2769,49,calm
1.6,0.238,49,calm
1.7,0.2608,49,calm
1.8,0.2545,49,calm
1.9,0.2541,49,calm
0.0,0.2796,50,calm
0.1,0.2856,50,calm
0.2,0.2834,50,calm
0.3,0.2415,50,calm
0.4,0.2433,50,calm
0.5,0.2193,50,calm
0.6,0.2433,50,calm
0.7,0.2584,50,calm
0.8,0.2509,50,calm
0.9,0.2563,50,calm
1.0,0.2845,50,calm
1.1,0.2425,50,calm
1.2,0.2977,50,calm
1.3,0.2212,50,calm
1.4,0.2556,50,calm
1.5,0.2571,50,calm
1.6,0.2455,50,calm
1.7,0.2631,50,calm
1.8,0.2575,50,calm
1.9,0.2352,50,calm
0.0,0.4148,101,stressed
0.1,0.4264,101,stressed
0.2,0.4818,101,stressed
0.3,0.4322,101,stressed
0.4,0.456,101,stressed
0.5,0.3968,101,stressed
0.6,0.4215,101,stressed
0.7,0.3964,101,stressed
0.8,0.4295,101,stressed
0.9,0.4772,101,stressed
1.0,0.3529,101,stressed
1.1,0.4658,101,stressed
1.2,0.3871,101,stressed
1.3,0.3887,101,stressed
1.4,0.4385,101,stressed
1.5,0.3992,101,stressed
1.6,0.4327,101,stressed
1.7,0.4652,101,stressed
1.8,0.3892,101,stressed
1.9,0.3706,101,stressed
0.0,0.4193,102,stressed
0.1,0.3766,102,stressed
0.2,0.4324,102,stressed
0.3,0.4177,102,stressed
0.4,0.4296,102,stressed
0.5,0.4037,102,stressed
0.6,0.4568,102,stressed
0.7,0.4636,102,stressed
0.8,0.4506,102,stressed
0.9,0.3772,102,stressed
1.0,0.4248,102,stressed
1.1,0.4085,102,stressed
1.2,0.4156,102,stressed
1.3,0.4288,102,stressed
1.4,0.4044,102,stressed
1.5,0.4528,102,stressed
1.6,0.4087,102,stressed
1.7,0.4367,102,stressed
1.8,0.5047,102,stressed
1.9,0.4077,102,stressed
0.0,0.4157,103,stressed
0.1,0.4142,103,stressed
0.2,0.4244,103,stressed
0.3,0.4433,103,stressed
0.4,0.4498,103,stressed
0.5,0.376,103,stressed
0.6,0.4047,103,stressed
0.7,0.4341,103,stressed
0.8,0.4087,103,stressed
0.9,0.4389,103,stressed
1.0,0.4122,103,stressed
1.1,0.4149,103,stressed
1.2,0.429,103,stressed
1.3,0.391,103,stressed
1.4,0.4281,103,stressed
1.5,0.3987,103,stressed
1.6,0.4029,103,stressed
1.7,0.4373,103,stressed
1.8,0.4557,103,stressed
1.9,0.3766,103,stressed
0.0,0.4439,104,stressed
0.1,0.4196,104,stressed
0.2,0.3919,104,stressed
0.3,0.4343,104,stressed
0.4,0.3672,104,stressed
0.5,0.4438,104,stressed
0.6,0.3793,104,stressed
0.7,0.3686,104,stressed
0.8,0.4235,104,stressed
0.9,0.4511,104,stressed
1.0,0.389,104,stressed
1.1,0.4796,104,stressed
1.2,0.398,104,stressed
1.3,0.3595,104,stressed
1.4,0.4228,104,stressed
1.5,0.4509,104,stressed
1.6,0.4533,104,stressed
1.7,0.4157,104,stressed
1.8,0.3724,104,stressed
1.9,0.4206,104,stressed
0.0,0.4025,105,stressed
0.1,0.4361,105,stressed
0.2,0.4192,105,stressed
0.3,0.3865,105,stressed
0.4,0.3964,105,stressed
0.5,0.4394,105,stressed
0.6,0.3572,105,stressed
0.7,0.4323,105,stressed
0.8,0.4905,105,stressed
0.9,0.4187,105,stressed
1.0,0.4254,105,stressed
1.1,0.4248,105,stressed
1.2,0.4269,105,stressed
1.3,0.4601,105,stressed
1.4,0.451,105,stressed
1.5,0.3636,105,stressed
1.6,0.4651,105,stressed
1.7,0.4154,105,stressed
1.8,0.466,105,stressed
1.9,0.3746,105,stressed
0.0,0.4301,106,stressed
0.1,0.4616,106,stressed
0.2,0.499,106,stressed
0.3,0.4202,106,stressed
0.4,0.4625,106,stressed
0.5,0.393,106,stressed
0.6,0.4157,106,stressed
0.7,0.3882,106,stressed
0.8,0.4184,106,stressed
0.9,0.3941,106,stressed
1.0,0.3746,106,stressed
1.1,0.4711,106,stressed
1.2,0.4382,106,stressed
1.3,0.422,106,stressed
1.4,0.4208,106,stressed
1.5,0.4326,106,stressed
1.6,0.4356,106,stressed
1.7,0.4182,106,stressed
1.8,0.4768,106,stressed
1.9,0.4337,106,stressed
0.0,0.4189,107,stressed
0.1,0.4904,107,stressed
0.2,0.3911,107,stressed
0.3,0.4503,107,stressed
0.4,0.4501,107,stressed
0.5,0.4419,107,stressed
0.6,0.4743,107,stressed
0.7,0.4363,107,stressed
0.8,0.4201,107,stressed
0.9,0.4287,107,stressed
1.0,0.433,107,stressed
1.1,0.4205,107,stressed
1.2,0.4444,107,stressed
1.3,0.4129,107,stressed
1.4,0.4232,107,stressed
1.5,0.4617,107,stressed
1.6,0.4542,107,stressed
1.7,0.455,107,stressed
1.8,0.449,107,stressed
1.9,0.3913,107,stressed
0.0,0.4172,108,stressed
0.1,0.3971,108,stressed
0.2,0.462,108,stressed
0.3,0.3498,108,stressed
0.4,0.4604,108,stressed
0.5,0.4324,108,stressed
0.6,0.3876,108,stressed
0.7,0.452,108,stressed
0.8,0.4253,108,stressed
0.9,0.4633,108,stressed
1.0,0.4317,108,stressed
1.1,0.4419,108,stressed
1.2,0.3538,108,stressed
1.3,0.4222,108,stressed
1.4,0.396,108,stressed
1.5,0.4472,108,stressed
1.6,0.4278,108,stressed
1.7,0.4577,108,stressed
1.8,0.4034,108,stressed
1.9,0.4143,108,stressed
0.0,0.4062,109,stressed
0.1,0.369,109,stressed
0.2,0.4416,109,stressed
0.3,0.4772,109,stressed
0.4,0.3855,109,stressed
0.5,0.4154,109,stressed
0.6,0.3907,109,stressed
0.7,0.3852,109,stressed
0.8,0.404,109,stressed
0.9,0.4525,109,stressed
1.0,0.3627,109,stressed
1.1,0.379,109,stressed
1.2,0.4196,109,stressed
1.3,0.3651,109,stressed
1.4,0.3939,109,stressed
1.5,0.4149,109,stressed
1.6,0.4398,109,stressed
1.7,0.4094,109,stressed
1.8,0.42,109,stressed
1.9,0.4457,109,stressed
0.0,0.3947,110,stressed
0.1,0.3808,110,stressed
0.2,0.409,110,stressed
0.3,0.3873,110,stressed
0.4,0.4032,110,stressed
0.5,0.3843,110,stressed
0.6,0.4164,110,stressed
0.7,0.3976,110,stressed
0.8,0.3694,110,stressed
0.9,0.3971,110,stressed
1.0,0.3986,110,stressed
1.1,0.4125,110,stressed
1.2,0.4086,110,stressed
1.3,0.4542,110,stressed
1.4,0.4781,110,stressed
1.5,0.4526,110,stressed
1.6,0.4303,110,stressed
1.7,0.4331,110,stressed
1.8,0.3898,110,stressed
1.9,0.4432,110,stressed
0.0,0.3665,111,stressed
0.1,0.4103,111,stressed
0.2,0.3554,111,stressed
0.3,0.4069,111,stressed
0.4,0.3645,111,stressed
0.5,0.4235,111,stressed
0.6,0.4189,111,stressed
0.7,0.434,111,stressed
0.8,0.4485,111,stressed
0.9,0.3955,111,stressed
1.0,0.4071,111,stressed
1.1,0.4213,111,stressed
1.2,0.4145,111,stressed
1.3,0.4063,111,stressed
1.4,0.4353,111,stressed
1.5,0.4478,111,stressed
1.6,0.3705,111,stressed
1.7,0.41,111,stressed
1.8,0.3875,111,stressed
1.9,0.3989,111,stressed
0.0,0.4045,112,stressed
0.1,0.4066,112,stressed
0.2,0.4406,112,stressed
0.3,0.4437,112,stressed
0.4,0.383,112,stressed
0.5,0.4657,112,stressed
0.6,0.4059,112,stressed
0.7,0.4509,112,stressed
0.8,0.4161,112,stressed
0.9,0.4322,112,stressed
1.0,0.4409,112,stressed
1.1,0.4159,112,stressed
1.2,0.3946,112,stressed
1.3,0.3629,112,stressed
1.4,0.3993,112,stressed
1.5,0.3873,112,stressed
1.6,0.4248,112,stressed
1.7,0.4994,112,stressed
1.8,0.4988,112,stressed
1.9,0.4087,112,stressed
0.0,0.3945,113,stressed
0.1,0.4055,113,stressed
0.2,0.4352,113,stressed
0.3,0.4372,113,stressed
0.4,0.3777,113,stressed
0.5,0.3746,113,stressed
0.6,0.4121,113,stressed
0.7,0.4544,113,stressed
0.8,0.4334,113,stressed
0.9,0.4341,113,stressed
1.0,0.4594,113,stressed
1.1,0.3894,113,stressed
1.2,0.4691,113,stressed
1.3,0.3918,113,stressed
1.4,0.4035,113,stressed
1.5,0.4323,113,stressed
1.6,0.4693,113,stressed
1.7,0.4326,113,stressed
1.8,0.4187,113,stressed
1.9,0.4363,113,stressed
0.0,0.4168,114,stressed
0.1,0.4515,114,stressed
0.2,0.444,114,stressed
0.3,0.4111,114,stressed
0.4,0.3767,114,stressed
0.5,0.4092,114,stressed
0.6,0.3835,114,stressed
0.7,0.3872,114,stressed
0.8,0.392,114,stressed
0.9,0.4259,114,stressed
1.0,0.4474,114,stressed
1.1,0.4527,114,stressed
1.2,0.4438,114,stressed
1.3,0.4163,114,stressed
1.4,0.3584,114,stressed
1.5,0.4388,114,stressed
1.6,0.3875,114,stressed
1.7,0.4035,114,stressed
1.8,0.4307,114,stressed
1.9,0.3619,114,stressed
0.0,0.3878,115,stressed
0.1,0.4309,115,stressed
0.2,0.38,115,stressed
0.3,0.3944,115,stressed
0.4,0.4859,115,stressed
0.5,0.4447,115,stressed
0.6,0.4681,115,stressed
0.7,0.4345,115,stressed
0.8,0.4513,115,stressed
0.9,0.4006,115,stressed
1.0,0.4729,115,stressed
1.1,0.383,115,stressed
1.2,0.4413,115,stressed
1.3,0.3809,115,stressed
1.4,0.4593,115,stressed
1.5,0.4493,115,stressed
1.6,0.3533,115,stressed
1.7,0.4551,115,stressed
1.8,0.4002,115,stressed
1.9,0.4535,115,stressed
0.0,0.3995,116,stressed
0.1,0.4045,116,stressed
0.2,0.4369,116,stressed
0.3,0.4056,116,stressed
0.4,0.3799,116,stressed
0.5,0.4403,116,stressed
0.6,0.4595,116,stressed
0.7,0.3472,116,stressed
0.8,0.448,116,stressed
0.9,0.4521,116,stressed
1.0,0.4435,116,stressed
1.1,0.3646,116,stressed
1.2,0.4221,116,stressed
1.3,0.3849,116,stressed
1.4,0.4125,116,stressed
1.5,0.4588,116,stressed
1.6,0.4289,116,stressed
1.7,0.4463,116,stressed
1.8,0.3967,116,stressed
1.9,0.4575,116,stressed
0.0,0.3841,117,stressed
0.1,0.404,117,stressed
0.2,0.3791,117,stressed
0.3,0.4863,117,stressed
0.4,0.4544,117,stressed
0.5,0.4759,117,stressed
0.6,0.4138,117,stressed
0.7,0.4409,117,stressed
0.8,0.5027,117,stressed
0.9,0.4184,117,stressed
1.0,0.3883,117,stressed
1.1,0.4239,117,stressed
1.2,0.4304,117,stressed
1.3,0.498,117,stressed
1.4,0.4422,117,stressed
1.5,0.4485,117,stressed
1.6,0.409,117,stressed
1.7,0.4175,117,stressed
1.8,0.3933,117,stressed
1.9,0.443,117,stressed
0.0,0.4326,118,stressed
0.1,0.4399,118,stressed
0.2,0.4148,118,stressed
0.3,0.4236,118,stressed
0.4,0.4554,118,stressed
0.5,0.4382,118,stressed
0.6,0.4105,118,stressed
0.7,0.3936,118,stressed
0.8,0.4187,118,stressed
0.9,0.3656,118,stressed
1.0,0.4052,118,stressed
1.1,0.4447,118,stressed
1.2,0.4365,118,stressed
1.3,0.4046,118,stressed
1.4,0.3804,118,stressed
1.5,0.4417,118,stressed
1.6,0.401,118,stressed
1.7,0.4083,118,stressed
1.8,0.4023,118,stressed
1.9,0.401,118,stressed
0.0,0.4124,119,stressed
0.1,0.3696,119,stressed
0.2,0.4565,119,stressed
0.3,0.4324,119,stressed
0.4,0.396,119,stressed
0.5,0.3937,119,stressed
0.6,0.427,119,stressed
0.7,0.4426,119,stressed
0.8,0.3975,119,stressed
0.9,0.3696,119,stressed
1.0,0.4503,119,stressed
1.1,0.4325,119,stressed
1.2,0.3805,119,stressed
1.3,0.4294,119,stressed
1.4,0.4464,119,stressed
1.5,0.3979,119,stressed
1.6,0.3815,119,stressed
1.7,0.44,119,stressed
1.8,0.4377,119,stressed
1.9,0.3998,119,stressed
0.0,0.4335,120,stressed
0.1,0.4171,120,stressed
0.2,0.4425,120,stressed
0.3,0.4348,120,stressed
0.4,0.4477,120,stressed
0.5,0.4295,120,stressed
0.6,0.4039,120,stressed
0.7,0.4158,120,stressed
0.8,0.4074,120,stressed
0.9,0.4518,120,stressed
1.0,0.4222,120,stressed
1.1,0.43,120,stressed
1.2,0.4144,120,stressed
1.3,0.4551,120,stressed
1.4,0.4443,120,stressed
1.5,0.4379,120,stressed
1.6,0.4108,120,stressed
1.7,0.4326,120,stressed
1.8,0.4146,120,stressed
1.9,0.5244,120,stressed
0.0,0.3587,121,stressed
0.1,0.4069,121,stressed
0.2,0.4293,121,stressed
0.3,0.4652,121,stressed
0.4,0.3956,121,stressed
0.5,0.5002,121,stressed
0.6,0.4566,121,stressed
0.7,0.4301,121,stressed
0.8,0.4035,121,stressed
0.9,0.4011,121,stressed
1.0,0.3937,121,stressed
1.1,0.4936,121,stressed
1.2,0.4337,121,stressed
1.3,0.403,121,stressed
1.4,0.4688,121,stressed
1.5,0.4117,121,stressed
1.6,0.4504,121,stressed
1.7,0.4378,121,stressed
1.8,0.3757,121,stressed
1.9,0.3953,121,stressed
0.0,0.4299,122,stressed
0.1,0.4314,122,stressed
0.2,0.4367,122,stressed
0.3,0.4582,122,stressed
0.4,0.4762,122,stressed
0.5,0.3855,122,stressed
0.6,0.4972,122,stressed
0.7,0.3894,122,stressed
0.8,0.4912,122,stressed
0.9,0.4114,122,stressed
1.0,0.4081,122,stressed
1.1,0.4846,122,stressed
1.2,0.3889,122,stressed
1.3,0.4378,122,stressed
1.4,0.4245,122,stressed
1.5,0.4063,122,stressed
1.6,0.4363,122,stressed
1.7,0.4262,122,stressed
1.8,0.4579,122,stressed
1.9,0.3352,122,stressed
0.0,0.4721,123,stressed
0.1,0.4435,123,stressed
0.2,0.4245,123,stressed
0.3,0.4137,123,stressed
0.4,0.4028,123,stressed
0.5,0.4476,123,stressed
0.6,0.4261,123,stressed
0.7,0.3726,123,stressed
0.8,0.4294,123,stressed
0.9,0.4055,123,stressed
1.0,0.3989,123,stressed
1.1,0.4125,123,stressed
1.2,0.4125,123,stressed
1.3,0.408,123,stressed
1.4,0.419,123,stressed
1.5,0.4216,123,stressed
1.6,0.4129,123,stressed
1.7,0.3501,123,stressed
1.8,0.4419,123,stressed
1.9,0.4598,123,stressed
0.0,0.3799,124,stressed
0.1,0.3881,124,stressed
0.2,0.4392,124,stressed
0.3,0.3912,124,stressed
0.4,0.4118,124,stressed
0.5,0.4199,124,stressed
0.6,0.3995,124,stressed
0.7,0.4343,124,stressed
0.8,0.4012,124,stressed
0.9,0.4583,124,stressed
1.0,0.4306,124,stressed
1.1,0.4263,124,stressed
1.2,0.4321,124,stressed
1.3,0.5115,124,stressed
1.4,0.4208,124,stressed
1.5,0.4352,124,stressed
1.6,0.4562,124,stressed
1.7,0.398,124,stressed
1.8,0.4084,124,stressed
1.9,0.4285,124,stressed
0.0,0.3967,125,stressed
0.1,0.4038,125,stressed
0.2,0.3793,125,stressed
0.3,0.4724,125,stressed
0.4,0.4432,125,stressed
0.5,0.4183,125,stressed
0.6,0.4174,125,stressed
0.7,0.4235,125,stressed
0.8,0.4264,125,stressed
0.9,0.3978,125,stressed
1.0,0.4128,125,stressed
1.1,0.436,125,stressed
1.2,0.4054,125,stressed
1.3,0.3987,125,stressed
1.4,0.3998,125,stressed
1.5,0.4401,125,stressed
1.6,0.4179,125,stressed
1.7,0.4433,125,stressed
1.8,0.4321,125,stressed
1.9,0.4335,125,stressed
0.0,0.4663,126,stressed
0.1,0.4058,126,stressed
0.2,0.4071,126,stressed
0.3,0.4083,126,stressed
0.4,0.4099,126,stressed
0.5,0.4101,126,stressed
0.6,0.4498,126,stressed
0.7,0.4459,126,stressed
0.8,0.4107,126,stressed
0.9,0.4088,126,stressed
1.0,0.4232,126,stressed
1.1,0.412,126,stressed
1.2,0.4224,126,stressed
1.3,0.3725,126,stressed
1.4,0.4162,126,stressed
1.5,0.4231,126,stressed
1.6,0.4198,126,stressed
1.7,0.44,126,stressed
1.8,0.4265,126,stressed
1.9,0.4223,126,stressed
0.0,0.4226,127,stressed
0.1,0.3603,127,stressed
0.2,0.4415,127,stressed
0.3,0.4536,127,stressed
0.4,0.4356,127,stressed
0.5,0.4114,127,stressed
0.6,0.4559,127,stressed
0.7,0.4647,127,stressed
0.8,0.4653,127,stressed
0.9,0.4372,127,stressed
1.0,0.4118,127,stressed
1.1,0.4115,127,stressed
1.2,0.4491,127,stressed
1.3,0.3974,127,stressed
1.4,0.4566,127,stressed
1.5,0.4411,127,stressed
1.6,0.3914,127,stressed
1.7,0.3954,127,stressed
1.8,0.4042,127,stressed
1.9,0.4204,127,stressed
0.0,0.4237,128,stressed
0.1,0.4321,128,stressed
0.2,0.492,128,stressed
0.3,0.419,128,stressed
0.4,0.4503,128,stressed
0.5,0.4004,128,stressed
0.6,0.4196,128,stressed
0.7,0.4522,128,stressed
0.8,0.4203,128,stressed
0.9,0.3884,128,stressed
1.0,0.4151,128,stressed
1.1,0.4203,128,stressed
1.2,0.4313,128,stressed
1.3,0.4167,128,stressed
1.4,0.4445,128,stressed
1.5,0.3897,128,stressed
1.6,0.3968,128,stressed
1.7,0.436,128,stressed
1.8,0.4309,128,stressed
1.9,0.3948,128,stressed
0.0,0.4722,129,stressed
0.1,0.4356,129,stressed
0.2,0.3954,129,stressed
0.3,0.3929,129,stressed
0.4,0.453,129,stressed
0.5,0.4612,129,stressed
0.6,0.3747,129,stressed
0.7,0.4685,129,stressed
0.8,0.425,129,stressed
0.9,0.4674,129,stressed
1.0,0.3618,129,stressed
1.1,0.3856,129,stressed
1.2,0.4368,129,stressed
1.3,0.463,129,stressed
1.4,0.4333,129,stressed
1.5,0.4844,129,stressed
1.6,0.4388,129,stressed
1.7,0.4652,129,stressed
1.8,0.3752,129,stressed
1.9,0.4117,129,stressed
0.0,0.3953,130,stressed
0.1,0.435,130,stressed
0.2,0.4159,130,stressed
0.3,0.4699,130,stressed
0.4,0.4413,130,stressed
0.5,0.4475,130,stressed
0.6,0.4667,130,stressed
0.7,0.3746,130,stressed
0.8,0.3701,130,stressed
0.9,0.4362,130,stressed
1.0,0.373,130,stressed
1.1,0.4008,130,stressed
1.2,0.4437,130,stressed
1.3,0.4094,130,stressed
1.4,0.4417,130,stressed
1.5,0.3877,130,stressed
1.6,0.4699,130,stressed
1.7,0.4231,130,stressed
1.8,0.4185,130,stressed
1.9,0.4407,130,stressed
0.0,0.4387,131,stressed
0.1,0.4339,131,stressed
0.2,0.3843,131,stressed
0.3,0.4478,131,stressed
0.4,0.4006,131,stressed
0.5,0.4257,131,stressed
0.6,0.4915,131,stressed
0.7,0.4125,131,stressed
0.8,0.4442,131,stressed
0.9,0.3926,131,stressed
1.0,0.3734,131,stressed
1.1,0.3818,131,stressed
1.2,0.4353,131,stressed
1.3,0.4472,131,stressed
1.4,0.4444,131,stressed
1.5,0.4309,131,stressed
1.6,0.3676,131,stressed
1.7,0.4132,131,stressed
1.8,0.3954,131,stressed
1.9,0.4625,131,stressed
0.0,0.4466,132,stressed
0.1,0.3968,132,stressed
0.2,0.4537,132,stressed
0.3,0.457,132,stressed
0.4,0.3647,132,stressed
0.5,0.4206,132,stressed
0.6,0.3618,132,stressed
0.7,0.3527,132,stressed
0.8,0.3707,132,stressed
0.9,0.3666,132,stressed
1.0,0.418,132,stressed
1.1,0.4261,132,stressed
1.2,0.3495,132,stressed
1.3,0.4903,132,stressed
1.4,0.4194,132,stressed
1.5,0.4269,132,stressed
1.6,0.4055,132,stressed
1.7,0.4026,132,stressed
1.8,0.4312,132,stressed
1.9,0.4102,132,stressed
0.0,0.3684,133,stressed
0.1,0.4066,133,stressed
0.2,0.4331,133,stressed
0.3,0.4268,133,stressed
0.4,0.4208,133,stressed
0.5,0.4048,133,stressed
0.6,0.4086,133,stressed
0.7,0.4325,133,stressed
0.8,0.4724,133,stressed
0.9,0.4393,133,stressed
1.0,0.4194,133,stressed
1.1,0.4421,133,stressed
1.2,0.4187,133,stressed
1.3,0.3938,133,stressed
1.4,0.377,133,stressed
1.5,0.3907,133,stressed
1.6,0.4242,133,stressed
1.7,0.4393,133,stressed
1.8,0.4039,133,stressed
1.9,0.4165,133,stressed
0.0,0.3545,134,stressed
0.1,0.3967,134,stressed
0.2,0.3774,134,stressed
0.3,0.4422,134,stressed
0.4,0.3416,134,stressed
0.5,0.4586,134,stressed
0.6,0.398,134,stressed
0.7,0.4286,134,stressed
0.8,0.3712,134,stressed
0.9,0.4626,134,stressed
1.0,0.4204,134,stressed
1.1,0.4255,134,stressed
1.2,0.4328,134,stressed
1.3,0.3987,134,stressed
1.4,0.4567,134,stressed
1.5,0.478,134,stressed
1.6,0.4192,134,stressed
1.7,0.3957,134,stressed
1.8,0.3877,134,stressed
1.9,0.4183,134,stressed
0.0,0.4054,135,stressed
0.1,0.4474,135,stressed
0.2,0.4255,135,stressed
0.3,0.4453,135,stressed
0.4,0.4189,135,stressed
0.5,0.4422,135,stressed
0.6,0.4658,135,stressed
0.7,0.4027,135,stressed
0.8,0.3647,135,stressed
0.9,0.4076,135,stressed
1.0,0.39,135,stressed
1.1,0.4242,135,stressed
1.2,0.3895,135,stressed
1.3,0.4499,135,stressed
1.4,0.4269,135,stressed
1.5,0.4123,135,stressed
1.6,0.4342,135,stressed
1.7,0.432,135,stressed
1.8,0.4418,135,stressed
1.9,0.4248,135,stressed
0.0,0.417,136,stressed
0.1,0.3502,136,stressed
0.2,0.4081,136,stressed
0.3,0.3852,136,stressed
0.4,0.4172,136,stressed
0.5,0.4127,136,stressed
0.6,0.3671,136,stressed
0.7,0.3861,136,stressed
0.8,0.4417,136,stressed
0.9,0.4094,136,stressed
1.0,0.4068,136,stressed
1.1,0.4074,136,stressed
1.2,0.496,136,stressed
1.3,0.4168,136,stressed
1.4,0.4323,136,stressed
1.5,0.4123,136,stressed
1.6,0.4471,136,stressed
1.7,0.4029,136,stressed
1.8,0.38,136,stressed
1.9,0.423,136,stressed
0.0,0.3813,137,stressed
0.1,0.4491,137,stressed
0.2,0.3855,137,stressed
0.3,0.424,137,stressed
0.4,0.4352,137,stressed
0.5,0.4444,137,stressed
0.6,0.4042,137,stressed
0.7,0.4665,137,stressed
0.8,0.4098,137,stressed
0.9,0.3851,137,stressed
1.0,0.4545,137,stressed
1.1,0.4194,137,stressed
1.2,0.4135,137,stressed
1.3,0.4218,137,stressed
1.4,0.4452,137,stressed
1.5,0.4017,137,stressed
1.6,0.4026,137,stressed
1.7,0.405,137,stressed
1.8,0.4265,137,stressed
1.9,0.4619,137,stressed
0.0,0.4727,138,stressed
0.1,0.4694,138,stressed
0.2,0.4174,138,stressed
0.3,0.4264,138,stressed
0.4,0.3641,138,stressed
0.5,0.4516,138,stressed
0.6,0.4304,138,stressed
0.7,0.4096,138,stressed
0.8,0.3863,138,stressed
0.9,0.4021,138,stressed
1.0,0.3834,138,stressed
1.1,0.4027,138,stressed
1.2,0.4184,138,stressed
1.3,0.4094,138,stressed
1.4,0.4827,138,stressed
1.5,0.4258,138,stressed
1.6,0.4213,138,stressed
1.7,0.421,138,stressed
1.8,0.4525,138,stressed
1.9,0.4444,138,stressed
0.0,0.4443,139,stressed
0.1,0.4395,139,stressed
0.2,0.357,139,stressed
0.3,0.4461,139,stressed
0.4,0.3963,139,stressed
0.5,0.4087,139,stressed
0.6,0.4076,139,stressed
0.7,0.456,139,stressed
0.8,0.3561,139,stressed
0.9,0.3698,139,stressed
1.0,0.4185,139,stressed
1.1,0.3876,139,stressed
1.2,0.496,139,stressed
1.3,0.4497,139,stressed
1.4,0.4088,139,stressed
1.5,0.4174,139,stressed
1.6,0.415,139,stressed
1.7,0.4605,139,stressed
1.8,0.4267,139,stressed
1.9,0.4488,139,stressed
0.0,0.3924,140,stressed
0.1,0.424,140,stressed
0.2,0.4069,140,stressed
0.3,0.4298,140,stressed
0.4,0.4126,140,stressed
0.5,0.3816,140,stressed
0.6,0.4164,140,stressed
0.7,0.4467,140,stressed
0.8,0.4404,140,stressed
0.9,0.4193,140,stressed
1.0,0.3953,140,stressed
1.1,0.4087,140,stressed
1.2,0.4053,140,stressed
1.3,0.4233,140,stressed
1.4,0.4457,140,stressed
1.5,0.4407,140,stressed
1.6,0.389,140,stressed
1.7,0.3987,140,stressed
1.8,0.4548,140,stressed
1.9,0.4723,140,stressed
0.0,0.4835,141,stressed
0.1,0.3994,141,stressed
0.2,0.3921,141,stressed
0.3,0.4377,141,stressed
0.4,0.3997,141,stressed
0.5,0.3666,141,stressed
0.6,0.4267,141,stressed
0.7,0.4495,141,stressed
0.8,0.4577,141,stressed
0.9,0.4136,141,stressed
1.0,0.403,141,stressed
1.1,0.3994,141,stressed
1.2,0.4601,141,stressed
1.3,0.4217,141,stressed
1.4,0.4563,141,stressed
1.5,0.4723,141,stressed
1.6,0.4598,141,stressed
1.7,0.4718,141,stressed
1.8,0.3909,141,stressed
1.9,0.3889,141,stressed
0.0,0.4383,142,stressed
0.1,0.4212,142,stressed
0.2,0.4043,142,stressed
0.3,0.3956,142,stressed
0.4,0.4587,142,stressed
0.5,0.4152,142,stressed
0.6,0.4234,142,stressed
0.7,0.3865,142,stressed
0.8,0.4227,142,stressed
0.9,0.4235,142,stressed
1.0,0.4132,142,stressed
1.1,0.3975,142,stressed
1.2,0.4123,142,stressed
1.3,0.4277,142,stressed
1.4,0.4243,142,stressed
1.5,0.4319,142,stressed
1.6,0.4208,142,stressed
1.7,0.3382,142,stressed
1.8,0.3975,142,stressed
1.9,0.422,142,stressed
0.0,0.392,143,stressed
0.1,0.414,143,stressed
0.2,0.4447,143,stressed
0.3,0.4064,143,stressed
0.4,0.4288,143,stressed
0.5,0.4375,143,stressed
0.6,0.4314,143,stressed
0.7,0.3866,143,stressed
0.8,0.422,143,stressed
0.9,0.3972,143,stressed
1.0,0.4113,143,stressed
1.1,0.4407,143,stressed
1.2,0.425,143,stressed
1.3,0.4365,143,stressed
1.4,0.409,143,stressed
1.5,0.4186,143,stressed
1.6,0.3993,143,stressed
1.7,0.4091,143,stressed
1.8,0.4577,143,stressed
1.9,0.3719,143,stressed
0.0,0.3629,144,stressed
0.1,0.3895,144,stressed
0.2,0.4085,144,stressed
0.3,0.4138,144,stressed
0.4,0.3723,144,stressed
0.5,0.4587,144,stressed
0.6,0.3932,144,stressed
0.7,0.4036,144,stressed
0.8,0.4305,144,stressed
0.9,0.3907,144,stressed
1.0,0.4371,144,stressed
1.1,0.4141,144,stressed
1.2,0.4214,144,stressed
1.3,0.4405,144,stressed
1.4,0.4373,144,stressed
1.5,0.362,144,stressed
1.6,0.405,144,stressed
1.7,0.4221,144,stressed
1.8,0.3976,144,stressed
1.9,0.4342,144,stressed
0.0,0.4867,145,stressed
0.1,0.4448,145,stressed
0.2,0.3767,145,stressed
0.3,0.4062,145,stressed
0.4,0.4346,145,stressed
0.5,0.4058,145,stressed
0.6,0.4138,145,stressed
0.7,0.4427,145,stressed
0.8,0.3927,145,stressed
0.9,0.4942,145,stressed
1.0,0.3972,145,stressed
1.1,0.4172,145,stressed
1.2,0.4093,145,stressed
1.3,0.4192,145,stressed
1.4,0.4418,145,stressed
1.5,0.4442,145,stressed
1.6,0.4182,145,stressed
1.7,0.3623,145,stressed
1.8,0.4072,145,stressed
1.9,0.4304,145,stressed
0.0,0.4711,146,stressed
0.1,0.3718,146,stressed
0.2,0.366,146,stressed
0.3,0.4094,146,stressed
0.4,0.4634,146,stressed
0.5,0.4313,146,stressed
0.6,0.4448,146,stressed
0.7,0.3846,146,stressed
0.8,0.4281,146,stressed
0.9,0.4183,146,stressed
1.0,0.4468,146,stressed
1.1,0.5473,146,stressed
1.2,0.4289,146,stressed
1.3,0.4487,146,stressed
1.4,0.4009,146,stressed
1.5,0.4048,146,stressed
1.6,0.3899,146,stressed
1.7,0.3885,146,stressed
1.8,0.3654,146,stressed
1.9,0.3912,146,stressed
0.0,0.4349,147,stressed
0.1,0.4249,147,stressed
0.2,0.3812,147,stressed
0.3,0.3656,147,stressed
0.4,0.4212,147,stressed
0.5,0.3962,147,stressed
0.6,0.3535,147,stressed
0.7,0.4522,147,stressed
0.8,0.3891,147,stressed
0.9,0.4223,147,stressed
1.0,0.3976,147,stressed
1.1,0.4515,147,stressed
1.2,0.3849,147,stressed
1.3,0.3835,147,stressed
1.4,0.3954,147,stressed
1.5,0.3519,147,stressed
1.6,0.4137,147,stressed
1.7,0.4237,147,stressed
1.8,0.4226,147,stressed
1.9,0.4168,147,stressed
0.0,0.4717,148,stressed
0.1,0.3849,148,stressed
0.2,0.3528,148,stressed
0.3,0.4307,148,stressed
0.4,0.4425,148,stressed
0.5,0.4066,148,stressed
0.6,0.4002,148,stressed
0.7,0.4516,148,stressed
0.8,0.4457,148,stressed
0.9,0.4785,148,stressed
1.0,0.4765,148,stressed
1.1,0.446,148,stressed
1.2,0.4353,148,stressed
1.3,0.4063,148,stressed
1.4,0.4548,148,stressed
1.5,0.4014,148,stressed
1.6,0.4059,148,stressed
1.7,0.4364,148,stressed
1.8,0.4079,148,stressed
1.9,0.3834,148,stressed
0.0,0.4632,149,stressed
0.1,0.3891,149,stressed
0.2,0.4975,149,stressed
0.3,0.4493,149,stressed
0.4,0.3881,149,stressed
0.5,0.3938,149,stressed
0.6,0.4004,149,stressed
0.7,0.4233,149,stressed
0.8,0.4219,149,stressed
0.9,0.4248,149,stressed
1.0,0.4168,149,stressed
1.1,0.4281,149,stressed
1.2,0.4223,149,stressed
1.3,0.3878,149,stressed
1.4,0.4122,149,stressed
1.5,0.3718,149,stressed
1.6,0.4736,149,stressed
1.7,0.4256,149,stressed
1.8,0.4826,149,stressed
1.9,0.4127,149,stressed
0.0,0.3543,150,stressed
0.1,0.4101,150,stressed
0.2,0.3746,150,stressed
0.3,0.4221,150,stressed
0.4,0.3923,150,stressed
0.5,0.4332,150,stressed
0.6,0.4353,150,stressed
0.7,0.3613,150,stressed
0.8,0.4269,150,stressed
0.9,0.3982,150,stressed
1.0,0.448,150,stressed
1.1,0.4017,150,stressed
1.2,0.4573,150,stressed
1.3,0.4891,150,stressed
1.4,0.4318,150,stressed
1.5,0.4069,150,stressed
1.6,0.4074,150,stressed
1.7,0.3841,150,stressed
1.8,0.3557,150,stressed
1.9,0.3994,150,stressed
